<?xml version="1.0" encoding="UTF-8"?>
<project-private xmlns="http://www.netbeans.org/ns/project-private/1">
    <editor-bookmarks xmlns="http://www.netbeans.org/ns/editor-bookmarks/2" lastBookmarkId="0"/>
    <open-files xmlns="http://www.netbeans.org/ns/projectui-open-files/2">
        <group>
            <file>file:/C:/Users/ryane/OneDrive/Documentos/NetBeansProjects/Brasileirao3/src/jogadores/JogadorBase.java</file>
            <file>file:/C:/Users/ryane/OneDrive/Documentos/NetBeansProjects/Brasileirao3/src/time/Time.java</file>
            <file>file:/C:/Users/ryane/OneDrive/Documentos/NetBeansProjects/Brasileirao3/src/Campeonato/Main.java</file>
            <file>file:/C:/Users/ryane/OneDrive/Documentos/NetBeansProjects/Brasileirao3/src/textFilesApps/Configuracoes.java</file>
        </group>
    </open-files>
</project-private>
